A,B,C,D,E,F,G,H,I,J,K,L,M,N
0.003555050290749772,92.15956240721837,6.658917777564972,0.0,1.994330384166323,35.96053385700125,290.00337480097886,20.973960823879473,7.523348892889259,2410.680570737775,33.71583705952918,1965.2741051724051,34.37040638348501,220.13469176606714
0.015362092316515237,0.0,20.380324107092793,0.0,1.7385519519962924,35.11826431875362,350.93966674535636,25.471824158506536,15.046697785778518,1970.894250400478,39.22496076206662,1965.2741051724051,63.08142858334398,198.1212225894604
0.015350842157367293,0.0,20.380324107092793,0.0,1.7385519519962924,39.29679631369642,271.7669662628805,25.471824158506536,15.046697785778518,1970.894250400478,39.22496076206662,1945.1212565756512,27.813802756113372,318.2780751784387
0.018208382580944645,0.0,6.284173487052658,0.0,1.6977756802010704,38.2740404458243,203.7140270841232,31.087614989369715,22.570046678667776,1808.010428053331,41.208245294980095,1954.0340643088596,20.290962804708016,306.3541127077767
0.03884117445827085,0.0,6.284173487052658,0.0,1.6977756802010704,39.08896357049246,241.0764250646174,31.087614989369715,22.570046678667776,1808.010428053331,41.208245294980095,1965.2741051724051,36.7859971935693,332.0364934138179
0.01679086252830391,0.0,6.284173487052658,0.0,1.6977756802010704,35.16748786319666,261.09199541131073,31.087614989369715,22.570046678667776,1808.010428053331,41.208245294980095,1951.5087687844507,35.95779463011183,263.2444022369219
0.04966382755859136,63.99969611612387,22.686442817937802,0.0,1.9424333109724037,32.88132768795308,296.2304411310612,28.514843315692374,37.61674446444629,2532.8434374981352,33.495472111427674,1958.8370773650886,85.78798219813628,210.04518506012235
0.08131052524175311,63.99969611612387,22.686442817937802,0.0,1.9424333109724037,33.756412922496075,427.4436245149397,30.51480535024323,37.61674446444629,2532.8434374981352,33.495472111427674,1965.2741051724051,132.1673257517546,248.56875611918412
0.11882418092056676,63.99969611612387,22.686442817937802,0.0,1.9424333109724037,30.797530973197574,444.79045214874054,31.189664334209617,37.61674446444629,2532.8434374981352,33.495472111427674,1914.421585494601,206.5675227023507,151.34260058917113
0.09564885307580559,63.99969611612387,22.686442817937802,0.0,1.9424333109724037,32.83757342622593,382.0749983957682,33.80499930246843,37.61674446444629,2532.8434374981352,33.495472111427674,1914.8177102827435,118.0188652926895,173.35606976577782
0.1265024145390374,63.99969611612387,22.686442817937802,0.0,1.9424333109724037,34.87761587925429,419.43739637626237,32.54656165303566,37.61674446444629,2532.8434374981352,33.495472111427674,1943.5862730215988,141.13952018921051,137.58418235379193
0.0660778097554392,63.99969611612387,22.686442817937802,0.0,1.9424333109724037,32.8649198398054,368.73128483130597,31.931188719327707,37.61674446444629,2532.8434374981352,33.495472111427674,1965.2741051724051,91.58540014233857,173.35606976577782
0.05275199624470153,63.99969611612387,22.686442817937802,0.0,1.9424333109724037,32.208605913898154,173.46827633800882,27.952802702905775,37.61674446444629,2532.8434374981352,33.495472111427674,1933.5841221209987,108.42551893264046,199.038450471819
0.35424501125040775,0.0,23.464757882847994,0.0,1.994330384166323,32.536762876851775,274.8804994279217,24.14056737858499,30.093395571557036,2500.2666730287056,46.27663910131456,1965.2741051724051,57.00794311798919,187.11448800115704
0.35885757650106404,0.0,23.464757882847994,0.0,1.994330384166323,33.34074743608816,375.84793206568577,22.881104107596045,30.093395571557036,2500.2666730287056,46.27663910131456,1881.6917748743197,70.81131917561369,166.93547458926756
0.3529118673913766,0.0,23.464757882847994,0.0,1.994330384166323,31.907795364524,251.30660546403843,23.06930566315506,30.093395571557036,2500.2666730287056,46.27663910131456,1958.936108562124,58.457297604039766,182.52834858936396
0.5928440115395424,0.0,23.464757882847994,0.0,1.994330384166323,32.460192918829264,130.32360247958098,23.06930566315506,30.093395571557036,2500.2666730287056,46.27663910131456,1915.5109286619931,45.41310722958461,211.8796408248396
0.4411187401908183,0.0,23.464757882847994,0.0,1.994330384166323,32.76100346820342,363.39379940552107,21.834970120292525,30.093395571557036,2500.2666730287056,46.27663910131456,1915.0157726768148,101.24776338267571,160.51487941275727
0.45153076248223895,0.0,23.464757882847994,0.0,1.994330384166323,29.84040649791617,162.79330548643907,19.468861190185432,30.093395571557036,2500.2666730287056,46.27663910131456,1430.9512815665746,80.68073305681521,185.2800322364398
0.4082682754788267,0.0,23.464757882847994,0.0,1.994330384166323,31.32258211392337,309.1293642433747,19.468861190185432,30.093395571557036,2500.2666730287056,46.27663910131456,1935.8123240543005,77.85104096500218,166.93547458926756
0.7041418359901357,0.0,23.464757882847994,0.0,1.994330384166323,30.463904727528053,436.33943355791445,19.476040541078692,30.093395571557036,2500.2666730287056,46.27663910131456,1864.6088933856709,145.0734823656335,124.74299200077135
0.47927928002063863,0.0,23.464757882847994,0.0,1.994330384166323,32.62427140030608,396.75308331667657,20.575506849303572,30.093395571557036,2500.2666730287056,46.27663910131456,1943.6357886201165,95.45034543847343,179.77666494228816
0.6932741822532235,0.0,23.464757882847994,0.0,1.994330384166323,33.59233444101927,407.87284462039514,20.393971833859727,30.093395571557036,2500.2666730287056,46.27663910131456,1965.2741051724051,129.19959989936532,139.41863811850916
0.5559997403300313,0.0,23.464757882847994,0.0,1.994330384166323,31.79294042749023,444.79045214874054,21.000626984340155,30.093395571557036,2500.2666730287056,46.27663910131456,1953.5884239221994,137.20555801278752,132.99804294199888
0.4220272201167602,0.0,23.464757882847994,0.0,1.994330384166323,32.40003080895444,418.5478154719649,22.561622992846,30.093395571557036,2500.2666730287056,46.27663910131456,1952.5485963533247,112.4975148696397,143.08754964794363
0.4728104385105718,0.0,23.464757882847994,0.0,1.994330384166323,30.622513926288978,381.18541749147073,22.84366892079548,30.093395571557036,2500.2666730287056,46.27663910131456,1502.4022902277939,113.94686935569027,127.49467564784722
0.3779547216546961,0.0,23.464757882847994,0.0,1.994330384166323,31.79294042749023,401.6457782903127,24.00980063017205,30.093395571557036,2500.2666730287056,46.27663910131456,1866.1438769397232,102.21399970670944,152.25982847152977
0.5376282304414415,0.0,23.464757882847994,0.0,1.994330384166323,33.07275258300936,394.9739215080816,22.837515191458397,30.093395571557036,2500.2666730287056,46.27663910131456,1517.0589073890692,119.2611691378757,135.74972658907473
0.43481302598839655,0.0,23.464757882847994,0.0,1.994330384166323,35.52299123972975,419.88218682841114,22.844181731573563,30.093395571557036,2500.2666730287056,46.27663910131456,1920.908128900436,88.34160676879682,168.76993035398476
0.5638861018927389,0.0,23.464757882847994,0.0,1.994330384166323,36.50199284587473,388.3020647258505,21.738048883233517,30.093395571557036,2500.2666730287056,46.27663910131456,1882.7316024431943,82.68222258517076,192.61785529530871
0.6360896233042326,0.0,23.464757882847994,0.0,1.994330384166323,31.24601215590086,418.5478154719649,21.70728023654812,30.093395571557036,2500.2666730287056,46.27663910131456,1783.4033118164407,155.97814945115687,116.48794105954383
0.7620407800450208,0.0,23.464757882847994,0.0,1.994330384166323,33.2094846509067,444.79045214874054,21.409849985255942,30.093395571557036,2500.2666730287056,46.27663910131456,1865.401142961956,89.99801189571174,132.99804294199888
0.780755419787623,0.0,23.464757882847994,0.0,1.994330384166323,32.542232159567675,364.72817076196725,20.461150045789513,30.093395571557036,2500.2666730287056,46.27663910131456,1151.7328215245693,191.24577527838744,121.0740804713369
0.6478516646934064,0.0,23.464757882847994,0.0,1.994330384166323,31.18038076331013,422.55092954130356,19.421169787823064,30.093395571557036,2500.2666730287056,46.27663910131456,1776.4711280239453,126.64597532870481,120.1568525889783
0.9072240838492164,0.0,23.464757882847994,0.0,1.994330384166323,33.34074743608816,431.00194813212966,19.280659634626417,30.093395571557036,2500.2666730287056,46.27663910131456,1229.5218267960695,140.38033450604118,123.82576411841274
0.03609613562617293,0.0,17.180584395795336,0.0,1.8497599659832622,32.44925435339748,303.3470883654411,17.231980576157014,37.61674446444629,2272.2293217427,42.310070035487584,1965.2741051724051,66.80834011890258,173.35606976577782
0.054810775368774975,0.0,17.180584395795336,0.0,1.8497599659832622,31.946080343535254,273.1013376193267,17.322235273100848,37.61674446444629,2272.2293217427,42.310070035487584,1869.5109376389355,78.74826040874778,183.44557647172257
0.04507938770580487,0.0,17.180584395795336,0.0,1.8497599659832622,31.995303887978295,184.58803764172734,20.17500163161531,37.61674446444629,2272.2293217427,42.310070035487584,1965.2741051724051,60.52780401268343,192.61785529530871
0.09846701794236515,0.0,17.180584395795336,0.0,1.8497599659832622,32.62974068302197,134.32671654891965,19.729369065455135,37.61674446444629,2272.2293217427,42.310070035487584,1948.092192486721,69.9140997318681,226.5552869425774
0.015542094862882312,383.9981766967432,8.503812746240982,0.0,1.5865676662141006,36.06991951131912,96.96431856842544,27.69742293541697,22.570046678667776,2052.3361615740514,40.32678550257411,1958.9856241606417,29.815292284468924,282.5061877664528
0.018894642288969126,383.9981766967432,8.503812746240982,0.0,1.5865676662141006,38.41624179643753,70.27689143950101,27.69742293541697,22.570046678667776,2052.3361615740514,40.32678550257411,1958.936108562124,13.665342297048255,320.1125309431559
0.07168601409068845,0.0,19.91910036492379,0.0,1.6607063422054138,37.027043986600525,12.898923112313476,29.337391803748677,22.570046678667776,1897.5965303442622,39.44532571016812,1908.3806824754267,33.40417005945129,243.98261670739106
0.07959487597169189,0.0,19.91910036492379,0.0,1.6607063422054138,33.740005074348396,29.35616984181688,29.337391803748677,22.570046678667776,1897.5965303442622,39.44532571016812,1898.2795003777906,40.098807447399174,232.05865423672907
0.08964126809080439,0.0,19.91910036492379,0.0,1.6607063422054138,33.969714948415934,28.911379389668138,29.337391803748677,22.570046678667776,1897.5965303442622,39.44532571016812,1953.1922991340566,51.348558934363155,226.5552869425774
0.06901410129305215,0.0,19.91910036492379,0.0,1.6607063422054138,33.19307680275902,177.91618085949622,29.337391803748677,22.570046678667776,1897.5965303442622,39.44532571016812,1928.08789068552,65.911120675157,194.45231106002595
0.09642511405701361,0.0,19.91910036492379,0.0,1.6607063422054138,31.076464391708157,150.3391728262743,26.155400925700455,22.570046678667776,1897.5965303442622,39.44532571016812,1965.2741051724051,70.46623477417309,177.0249812952123
0.10595399885532075,0.0,19.91910036492379,0.0,1.6607063422054138,31.6452697941611,148.1152205655306,26.155400925700455,22.570046678667776,1897.5965303442622,39.44532571016812,1965.2741051724051,97.65888560769335,183.44557647172257
0.12896619939243675,0.0,19.91910036492379,0.0,1.6607063422054138,32.97977477683917,380.2958365871732,29.17585640865034,22.570046678667776,1897.5965303442622,39.44532571016812,1944.6756161889912,129.75173494167032,152.25982847152977
0.1428038951444058,0.0,19.91910036492379,0.0,1.6607063422054138,29.528657383110225,423.88530089774974,30.10199267388081,22.570046678667776,1897.5965303442622,39.44532571016812,1965.2741051724051,212.64100816770542,132.08081505964026
0.12362237379716416,0.0,19.91910036492379,0.0,1.6607063422054138,30.638921774436657,275.77008033221915,31.218381737782657,22.570046678667776,1897.5965303442622,39.44532571016812,1965.2741051724051,111.80734606675844,177.9422091775709
0.04991133105984609,107.5194894750881,16.25813691145733,0.0,1.6273439380093229,32.61333283487429,203.26923663197445,34.94651609449669,30.093395571557036,1979.0384415178355,37.021311281051645,1958.6390149710173,92.82770398752477,180.69389282464672
0.024395970112312915,107.5194894750881,16.25813691145733,0.0,1.6273439380093229,33.44466380769014,280.2179848537066,34.94651609449669,30.093395571557036,1979.0384415178355,37.021311281051645,1950.7660348066834,65.08291811169953,188.0317158835157
0.030150426516485414,107.5194894750881,16.25813691145733,0.0,1.6273439380093229,35.61049976318405,93.85078540338426,34.94651609449669,30.093395571557036,1979.0384415178355,37.021311281051645,1965.2741051724051,36.440912792128685,229.30697058965325
0.02801852135795034,107.5194894750881,16.25813691145733,0.0,1.6273439380093229,32.80475772993057,95.18515675983048,34.94651609449669,30.093395571557036,1979.0384415178355,37.021311281051645,1965.2741051724051,58.18123008288727,214.6313244719154
0.007650108220600776,383.9981766967432,11.53059355422506,0.0,1.519842857821919,32.20313663118226,211.72025522280052,37.536210523851,22.570046678667776,3819.625634040596,46.497004049416056,1965.2741051724051,102.14498282642131,173.35606976577782
0.00737447932147619,460.79781203609184,3.5168310340386433,0.0,1.4938943212249596,39.64683040751362,97.40910902057419,44.5971021273717,37.61674446444629,1840.5871925227607,39.44532571016812,1960.4710921161766,33.19711941858692,324.698670354949
0.011559538524510731,435.1979335896423,2.1331598075316363,0.0,1.519842857821919,34.91043157554965,158.7901914171004,47.115003047793415,15.046697785778518,2549.13181973285,38.123136021559134,1965.2741051724051,39.82273992624668,226.5552869425774
0.008055113949926699,511.997568928991,3.8050958728942694,0.0,1.5235497916214846,37.278630991531635,180.14013312023994,42.69047165443321,37.61674446444629,2084.912926043481,33.275107163326176,1945.4678657652762,27.261667713808393,289.8440108253217
0.08687935401998455,127.99939223224774,14.787986233293637,0.0,1.679241011203242,33.60874228916694,129.87881202743225,40.0751366861744,60.18679114311407,2312.9502773294867,43.41189477599507,1934.4754028943194,47.34557987765204,213.71409658955682
0.058095821839974124,127.99939223224774,14.787986233293637,0.0,1.679241011203242,32.41643865710211,209.94109341420557,35.54804313719621,60.18679114311407,2312.9502773294867,43.41189477599507,1965.2741051724051,63.63356362564896,179.77666494228816
0.08399368819853734,127.99939223224774,14.787986233293637,0.0,1.679241011203242,31.399152071945878,294.4512793224663,37.05262996011216,60.18679114311407,2312.9502773294867,43.41189477599507,1956.4108130377153,90.75719757888109,171.52161400106064
0.09658824136465877,127.99939223224774,14.787986233293637,0.0,1.679241011203242,32.62974068302197,415.4342823069237,34.966002904064105,60.18679114311407,2312.9502773294867,43.41189477599507,1872.0857487618619,99.6603751360489,146.75646117737807
0.06202775246217997,127.99939223224774,14.787986233293637,0.0,1.679241011203242,35.3096892138099,301.5679265568461,37.053142770890254,60.18679114311407,2312.9502773294867,43.41189477599507,1965.2741051724051,46.448360433906444,203.6245898836121
0.07115725661073516,127.99939223224774,14.787986233293637,0.0,1.679241011203242,36.98328972487337,193.03905623255338,40.92691538858183,60.18679114311407,2312.9502773294867,43.41189477599507,1958.7380461680527,65.56603627371638,229.30697058965325
0.01097453024881773,89.59957456257342,3.978054776207645,0.0,1.5424551539992695,38.85378441370903,264.65031902850063,47.29602525245916,22.570046678667776,1759.1452813491874,40.987880346878605,1947.1513961148821,55.55858863193862,302.68520117834225
0.020160285193112634,409.59805514319277,9.714525069434613,0.0,1.475359652227131,34.40178828297154,79.17270048247582,33.904484593417884,30.093395571557036,2744.5924065494264,35.47875664434116,1965.2741051724051,32.230883094553214,215.54855235427402
0.02463222345441971,409.59805514319277,9.714525069434613,0.0,1.475359652227131,31.65073907687699,138.3298306182583,33.904484593417884,30.093395571557036,2744.5924065494264,35.47875664434116,1965.2741051724051,70.67328541503744,177.9422091775709
0.032563585653719036,63.99969611612387,17.497675718536527,0.0,1.516135924022353,32.14844380402332,95.18515675983048,33.32244436028577,30.093395571557036,2809.7459354882853,41.64897519118309,1961.8575288746754,55.90367303337922,201.79013411889485
0.07624232854560509,63.99969611612387,17.497675718536527,0.0,1.516135924022353,30.59516751270951,163.6828863907365,33.32244436028577,30.093395571557036,2809.7459354882853,41.64897519118309,1965.2741051724051,90.34309629715237,159.59765153039865
0.07209101982001437,63.99969611612387,17.497675718536527,0.0,1.516135924022353,32.186728783034575,146.7808492090844,33.32244436028577,30.093395571557036,2809.7459354882853,41.64897519118309,1965.2741051724051,60.665837773259675,191.7006274129501
0.04964695231986945,0.0,31.161429080293225,0.0,1.5309636592206157,35.096387187890045,29.35616984181688,27.113844269950597,30.093395571557036,2483.978290793991,42.310070035487584,1900.0620619244323,46.37934355361832,221.96914753078434
0.08930376331636612,0.0,31.161429080293225,0.0,1.5309636592206157,32.602394269442506,77.83832912602959,27.113844269950597,30.093395571557036,2483.978290793991,42.310070035487584,1866.44097053083,68.18867772466504,199.038450471819
0.0515482292158717,0.0,31.161429080293225,0.0,1.5309636592206157,33.17119967189545,34.69365526760177,27.113844269950597,30.093395571557036,2483.978290793991,42.310070035487584,1935.6142616602297,38.09731791904362,209.12795717776376
0.10990842979582248,0.0,31.161429080293225,0.0,1.5309636592206157,34.15567056075632,27.577008033221915,27.113844269950597,30.093395571557036,2483.978290793991,42.310070035487584,1867.5798292967402,52.03872773724437,214.6313244719154
0.04441562831607627,0.0,36.984378825176876,0.0,1.6199300704101915,34.30881047680134,26.687427128924437,21.80215023049476,37.61674446444629,3241.388064708224,41.208245294980095,1955.4700166658765,46.79344483534706,221.05191964842575
0.053505756907613666,0.0,36.984378825176876,0.0,1.6199300704101915,34.379911152107965,200.15570346693326,23.08981809427866,37.61674446444629,3241.388064708224,41.208245294980095,1897.5862819985412,61.701090977581515,196.28676682474318
0.05711143291452918,0.0,36.984378825176876,0.0,1.6199300704101915,34.34162617309671,331.36888685081175,20.78011834976147,37.61674446444629,3241.388064708224,41.208245294980095,1850.1998542169845,82.61320570488265,183.44557647172257
0.04897756785056688,0.0,36.984378825176876,0.0,1.6199300704101915,33.581395875587475,203.7140270841232,20.976524877769922,37.61674446444629,3241.388064708224,41.208245294980095,1916.0556002456892,70.88033605590181,190.7833995305915
0.031759199274641166,0.0,36.984378825176876,0.0,1.6199300704101915,34.0845698854497,238.85247280387372,25.71284522420882,37.61674446444629,3241.388064708224,41.208245294980095,1913.2827267286912,85.16683027554316,194.45231106002595
0.04717754238689611,0.0,36.984378825176876,0.0,1.6199300704101915,32.12656667315974,162.79330548643907,23.08981809427866,37.61674446444629,3241.388064708224,41.208245294980095,1961.1147948969083,62.80536106219148,186.19726011879845
0.023135952287743376,127.99939223224774,14.009671168383449,0.0,1.5791537986149695,36.7918648298171,149.0048014698281,27.69537169230461,30.093395571557036,2288.5177039774144,41.86934013928459,1965.2741051724051,36.5099296724168,256.82380706041164
0.02509910505905931,127.99939223224774,14.009671168383449,0.0,1.5791537986149695,36.201182296500576,313.1324783127134,27.69537169230461,30.093395571557036,2288.5177039774144,41.86934013928459,1958.9856241606417,49.83018756802445,219.2174638837085
0.02058216616116047,127.99939223224774,14.009671168383449,0.0,1.5791537986149695,34.46741967556226,143.22252559189448,27.69537169230461,30.093395571557036,2288.5177039774144,41.86934013928459,1965.2741051724051,46.37934355361832,227.472514824936
0.019974657567171584,127.99939223224774,14.009671168383449,0.0,1.5791537986149695,33.72906650891661,207.71714115346185,27.69537169230461,30.093395571557036,2288.5177039774144,41.86934013928459,1934.277340500248,51.83167709638,210.04518506012235
0.028457277564720093,0.0,12.94309126461763,0.0,1.6644132760049795,34.94324727184502,213.4994170313955,24.509278328031673,22.570046678667776,2011.615205987265,40.76751539877711,1965.2741051724051,66.39423883717384,219.2174638837085
0.0322598313567246,0.0,12.94309126461763,0.0,1.6644132760049795,36.26134440637541,249.52744365544348,22.757003899298276,22.570046678667776,2011.615205987265,40.76751539877711,1942.4969298542069,45.068022828143995,243.98261670739106
0.029182912829762375,0.0,12.94309126461763,0.0,1.6644132760049795,32.89773553610076,200.600493919082,22.703158767598826,22.570046678667776,2011.615205987265,40.76751539877711,1960.7681857072837,88.75570805052554,206.3762735306879
0.040224944033467755,0.0,12.94309126461763,0.0,1.6644132760049795,33.4774795039855,252.64097682048464,19.21809671969944,22.570046678667776,2011.615205987265,40.76751539877711,1956.6088754317864,58.2502469631754,203.6245898836121
0.031837950388676754,0.0,9.829831004976864,0.0,1.8126906279876056,38.32326399026734,383.8541602043631,17.546846393904254,15.046697785778518,2198.931601686484,39.22496076206662,1965.2741051724051,37.959284158467376,216.46578023663267
0.029824171901195084,0.0,9.829831004976864,0.0,1.8126906279876056,38.71705234581169,280.6627753058553,17.509924017881776,15.046697785778518,2198.931601686484,39.22496076206662,1961.1147948969083,39.33962176422983,263.2444022369219
0.02634787272448091,0.0,9.829831004976864,0.0,1.8126906279876056,35.096387187890045,294.0064888703175,15.857647690875915,15.046697785778518,2198.931601686484,39.22496076206662,1941.902742671993,60.80387153383593,207.29350141304653
0.0221178128848546,0.0,9.829831004976864,0.0,1.8126906279876056,35.03075579529932,328.70014413791927,15.856622069319734,15.046697785778518,2198.931601686484,39.22496076206662,1948.686379668935,56.59384183626045,201.79013411889485
0.02364220944940078,143.35931930011748,43.35503176388622,0.0,1.7200172829984646,35.233119255787386,238.407682351725,18.799130313999942,30.093395571557036,2198.931601686484,40.10642055447261,1955.915657052537,56.31777431510797,210.04518506012235
0.016172103775167083,143.35931930011748,43.35503176388622,0.0,1.7200172829984646,33.969714948415934,128.544440670986,18.799130313999942,30.093395571557036,2198.931601686484,40.10642055447261,1962.4517160568894,42.85948265892408,229.30697058965325
0.024154091690632155,143.35931930011748,43.35503176388622,0.0,1.7200172829984646,34.17754769161989,343.82301951097645,18.53810962795215,30.093395571557036,2198.931601686484,40.10642055447261,1965.2741051724051,73.08887622512174,188.94894376587428
0.06864847112074401,0.0,8.330853842927606,0.0,1.649585540806717,36.233997992795935,257.088881341972,17.923762315800374,15.046697785778518,2247.796748390628,39.66569065826961,1772.5593957410374,45.89622539160147,260.49271858984605
0.06471091541896422,0.0,8.330853842927606,0.0,1.649585540806717,33.70718937805304,309.5741546955234,17.923762315800374,15.046697785778518,2247.796748390628,39.66569065826961,1940.169696723869,78.26514224673092,196.28676682474318
0.06796783649229352,0.0,8.330853842927606,0.0,1.649585540806717,44.131642234546476,338.0407436330428,17.923762315800374,15.046697785778518,2247.796748390628,39.66569065826961,1965.2741051724051,29.056106601299575,354.9671904727833
0.04605252647210188,0.0,8.330853842927606,0.0,1.649585540806717,42.76979083828894,164.12767684288525,17.923762315800374,15.046697785778518,2247.796748390628,39.66569065826961,1948.5873484718988,24.639026262859733,401.7458124730724
0.03858804587744215,0.0,8.330853842927606,0.0,1.649585540806717,40.56020062106788,277.99403259296287,17.923762315800374,15.046697785778518,2247.796748390628,39.66569065826961,1965.2741051724051,42.72144889834784,304.51965694305954
0.08362243294665525,0.0,24.67547020604163,0.0,1.927605575774141,36.7918648298171,355.38757126684374,14.244857793782984,37.61674446444629,3127.369389065221,46.05627415321305,1954.6777670895913,65.0139012314114,252.23766764861858
0.06430590968963829,0.0,24.67547020604163,0.0,1.927605575774141,37.087206096475356,317.13559238205204,14.646388633027424,37.61674446444629,3127.369389065221,46.05627415321305,1958.7380461680527,52.935947180989956,243.06538882503244
0.12867932033416424,0.0,24.67547020604163,0.0,1.927605575774141,35.03075579529932,379.8510461350245,13.921274192808218,37.61674446444629,3127.369389065221,46.05627415321305,350.57043750618874,73.36494374627424,170.60438611870205
0.11903230886480369,0.0,24.67547020604163,0.0,1.927605575774141,33.564988027439796,388.74685517799935,13.921274192808218,37.61674446444629,3127.369389065221,46.05627415321305,1953.2418147325745,92.75868710723664,177.0249812952123
0.07852611085263737,0.0,24.67547020604163,0.0,1.927605575774141,33.72906650891661,400.3114069338665,12.415148937557996,37.61674446444629,3127.369389065221,46.05627415321305,1944.4280381964018,85.09781339525505,184.36280435408122
0.07459980531000551,0.0,24.67547020604163,0.0,1.927605575774141,32.000773170694195,430.1123672278322,10.804410283577424,37.61674446444629,3127.369389065221,46.05627415321305,1951.1621595948259,113.67080183453777,178.85943705992955
0.09630136230638624,0.0,24.67547020604163,0.0,1.927605575774141,31.91873392995579,408.7624255246926,11.338246303569072,37.61674446444629,3127.369389065221,46.05627415321305,1959.1836865547134,128.7854986176366,178.85943705992955
0.07378416877177969,0.0,24.67547020604163,0.0,1.927605575774141,33.51029520028086,378.961465230727,10.883895954181366,37.61674446444629,3127.369389065221,46.05627415321305,1919.6702389374902,97.24478432596462,187.11448800115704
0.07201226870597878,0.0,24.67547020604163,0.0,1.927605575774141,35.408136302695986,431.8915290364271,12.476173420150703,37.61674446444629,3127.369389065221,46.05627415321305,1957.054515818447,84.68371211352631,181.61112070700537
0.14829397280860165,0.0,24.67547020604163,0.0,1.927605575774141,34.068162037302024,405.6488923596514,13.05154711316764,37.61674446444629,3127.369389065221,46.05627415321305,1937.1987608127997,107.3212488480305,177.9422091775709
0.06071148384187072,0.0,24.67547020604163,0.0,1.927605575774141,33.88220642496164,241.96600596891486,14.244857793782984,37.61674446444629,3127.369389065221,46.05627415321305,1948.3892860778278,89.72194437455926,199.038450471819
0.05672330242392516,0.0,28.85531036944821,0.0,2.027692788362414,36.72623343722637,362.9490089533723,13.730508583358752,45.14009335733555,3518.2905626983747,39.22496076206662,1958.7875617665704,70.12115037273246,209.12795717776376
0.06935160606749041,0.0,28.85531036944821,0.0,2.027692788362414,32.3398686990796,413.21033004618005,12.068488851569182,45.14009335733555,3518.2905626983747,39.22496076206662,1955.6185634614299,111.87636294704659,172.43884188341923
0.12494426749704739,0.0,28.85531036944821,0.0,2.027692788362414,33.31887030522458,424.3300913498985,13.06641862573225,45.14009335733555,3518.2905626983747,39.22496076206662,1965.2741051724051,117.94984841240137,171.52161400106064
0.08005050741718356,0.0,28.85531036944821,0.0,2.027692788362414,34.20489410519936,374.5135607092396,11.571575207600006,45.14009335733555,3518.2905626983747,39.22496076206662,1924.8693767818618,72.12263990108801,169.6871582363434
0.09638011342042183,0.0,28.85531036944821,0.0,2.027692788362414,32.42190793981801,392.3051787951892,12.63104227513387,45.14009335733555,3518.2905626983747,39.22496076206662,1707.8425084782425,108.77060333408107,167.85270247162617
0.07401479703431252,0.0,28.85531036944821,0.0,2.027692788362414,33.778290053359655,322.47307780783694,14.000247052634071,45.14009335733555,3518.2905626983747,39.22496076206662,1947.4484897059892,83.0963238668995,194.45231106002595
0.08492745140781657,0.0,28.85531036944821,0.0,2.027692788362414,32.93055123239613,367.3969134748597,14.088963317243635,45.14009335733555,3518.2905626983747,39.22496076206662,1953.4398771266456,71.08738669676619,176.1077534128537
0.0734522890769154,0.0,28.85531036944821,0.0,2.027692788362414,32.11562810772796,325.1418205207293,12.704887027178826,45.14009335733555,3518.2905626983747,39.22496076206662,1676.7467126090492,106.07894500284429,187.11448800115704
0.0814286519128065,0.0,28.85531036944821,0.0,2.027692788362414,31.344459244786943,290.00337480097886,14.149474989058248,45.14009335733555,3518.2905626983747,39.22496076206662,1938.5356819727808,93.93197407213472,177.0249812952123
0.038807423980827024,0.0,73.93993116646818,0.0,2.153728537547646,32.10468954229617,310.0189451476722,11.577728936937087,15.046697785778518,1531.1079300631814,42.08970508738609,1926.8995163210923,99.17725697403205,201.79013411889485
0.04030369514750336,0.0,73.93993116646818,0.0,2.153728537547646,32.83757342622593,374.0687702570908,11.268504037748839,15.046697785778518,1531.1079300631814,42.08970508738609,1870.0556092226313,98.48708817115082,186.19726011879845
0.05230761495835781,0.0,73.93993116646818,0.0,2.153728537547646,32.602394269442506,413.21033004618005,10.70184812795943,15.046697785778518,1531.1079300631814,42.08970508738609,1872.1352643603796,123.74726635660366,188.0317158835157
0.0845899466333783,0.0,73.93993116646818,0.0,2.153728537547646,32.02811958427366,431.44673858427836,9.971092769181233,15.046697785778518,1531.1079300631814,42.08970508738609,1833.6121287135134,175.3718928121193,158.68042364804006
0.05540140872404194,0.0,73.93993116646818,0.0,2.153728537547646,32.153913086739216,426.1092531584934,10.28852264081892,15.046697785778518,1531.1079300631814,42.08970508738609,1878.5227765691793,121.33167554651935,172.43884188341923
0.09507509495926053,0.0,73.93993116646818,0.0,2.153728537547646,32.73912633733985,393.19475969948667,10.219805996554864,15.046697785778518,1531.1079300631814,42.08970508738609,1906.4495741332314,102.21399970670944,196.28676682474318
0.21788745729777287,0.0,73.93993116646818,0.0,2.153728537547646,30.699083884311488,425.2196722541959,9.011110992596825,15.046697785778518,1531.1079300631814,42.08970508738609,1779.0459391468723,188.14001566542197,144.00477753030225
0.14577393715946257,0.0,63.101173225496645,0.0,2.3131266909289696,31.13662650158298,426.998834062791,9.170595144582803,30.093395571557036,3559.011518285161,46.71736899751755,1941.556133482368,118.6400172152826,148.5909169420953
0.18305696457574344,0.0,63.101173225496645,0.0,2.3131266909289696,35.172957145912555,439.4529667229557,9.294695352880574,30.093395571557036,3559.011518285161,46.71736899751755,1965.2741051724051,106.21697876342054,165.10101882455032
0.4957101374562084,0.0,63.101173225496645,0.0,2.3131266909289696,30.830346669492933,421.2165581848574,10.153140595403173,30.093395571557036,3559.011518285161,46.71736899751755,1965.2741051724051,126.57695844841668,131.16358717728167
0.19128645599246322,0.0,63.101173225496645,0.0,2.3131266909289696,35.32062777924168,439.89775717510446,10.863896333835859,30.093395571557036,3559.011518285161,46.71736899751755,1956.0642038480905,86.96126916303436,176.1077534128537
0.6710382426973154,0.0,63.101173225496645,0.0,2.3131266909289696,34.59868246074371,434.56027174931955,11.645932770423052,30.093395571557036,3559.011518285161,46.71736899751755,1965.2741051724051,84.6146952332382,179.77666494228816
0.33190782026216825,0.0,63.101173225496645,0.0,2.3131266909289696,34.85026946567482,435.44985265361703,11.935158049265791,30.093395571557036,3559.011518285161,46.71736899751755,1910.1137284235504,76.74677088039222,210.962412942481
0.18552637450871678,0.0,63.101173225496645,0.0,2.3131266909289696,31.842163971933275,424.3300913498985,12.665913408043988,30.093395571557036,3559.011518285161,46.71736899751755,1924.6217987892726,103.73237107304811,168.76993035398476
0.5491033927723425,0.0,63.101173225496645,0.0,2.3131266909289696,31.48666059540018,437.6738049143608,12.030540853990527,30.093395571557036,3559.011518285161,46.71736899751755,1301.0718666543241,119.46821977874006,143.08754964794363
0.31375568847696333,0.0,63.101173225496645,0.0,2.3131266909289696,34.647906005186755,436.7842240100632,10.823897093144843,30.093395571557036,3559.011518285161,46.71736899751755,1954.2321267029308,117.05262896865578,166.01824670690894
0.18148756737460547,0.0,63.101173225496645,0.0,2.3131266909289696,32.49847789784052,415.8790727590724,10.086475194251477,30.093395571557036,3559.011518285161,46.71736899751755,1872.9275139366653,116.63852768692703,159.59765153039865
0.19818842862972583,0.0,63.101173225496645,0.0,2.3131266909289696,35.29875064837811,437.6738049143608,9.48597377310813,30.093395571557036,3559.011518285161,46.71736899751755,1951.3107063903792,100.69562834037073,156.84596788332283
0.14051448775779957,0.0,63.101173225496645,0.0,2.3131266909289696,32.03358886698956,436.7842240100632,8.556760643209117,30.093395571557036,3559.011518285161,46.71736899751755,1941.2095242927435,147.1439887742772,121.99130835369553
0.30629683296187754,0.0,63.101173225496645,0.0,2.3131266909289696,33.641557985462306,435.44985265361703,8.557273453987207,30.093395571557036,3559.011518285161,46.71736899751755,1965.2741051724051,127.40516101187416,163.26656305983312
0.163633564806821,0.0,63.101173225496645,0.0,2.3131266909289696,33.76735148792787,416.3238632112211,8.26599693203211,30.093395571557036,3559.011518285161,46.71736899751755,1921.6013472796853,166.744782776104,128.41190353020582
0.9161229597352388,0.0,63.101173225496645,0.0,2.3131266909289696,27.450329951070614,444.79045214874054,7.381398339826922,30.093395571557036,3559.011518285161,46.71736899751755,1965.2741051724051,237.4870850714295,132.08081505964026
1.8681170519136916,0.0,56.44225544793166,6.917893216597254,3.2287393394216863,29.5505345139738,444.79045214874054,6.777307243236947,37.61674446444629,3282.1090202950113,32.393647370920185,1965.2741051724051,185.10327293274457,122.90853623605415
2.304820104638943,0.0,56.44225544793166,0.0,3.2287393394216863,29.906037890506894,444.79045214874054,7.239862565074092,37.61674446444629,3282.1090202950113,32.393647370920185,1965.2741051724051,182.34259772121965,143.08754964794363
1.5636258694950589,0.0,56.44225544793166,0.0,3.2287393394216863,26.815893156026938,435.00506220146826,6.901920262312808,37.61674446444629,3282.1090202950113,32.393647370920185,1965.2741051724051,202.1504423639108,108.23289011831633
1.3383976833532538,0.0,56.44225544793166,0.0,3.2287393394216863,33.526703048428544,444.79045214874054,7.277297751874661,37.61674446444629,3282.1090202950113,32.393647370920185,856.1742139716821,191.86692720098057,126.5774477654886
1.2122327735886547,0.0,56.44225544793166,0.0,3.2287393394216863,30.781123125049895,444.79045214874054,7.777288260512374,37.61674446444629,3282.1090202950113,32.393647370920185,838.1505361111945,114.91310567972397,143.08754964794363
1.3323675980499567,0.0,56.44225544793166,0.0,3.2287393394216863,26.9416866584925,425.6644627063447,7.491139846338175,37.61674446444629,3282.1090202950113,32.393647370920185,1939.575509541655,203.80684749082576,133.9152708243575
1.3112004236131032,0.0,56.44225544793166,0.0,3.2287393394216863,28.363700164624866,417.21344411551866,7.843953661664069,37.61674446444629,3282.1090202950113,32.393647370920185,1767.6573514877728,195.45580497596293,163.26656305983312
1.5378798802849927,0.0,56.44225544793166,0.0,3.2287393394216863,30.611575360857188,422.10613908915485,7.823954041318561,37.61674446444629,3282.1090202950113,32.393647370920185,1742.2063338496118,148.04120821802277,141.2530938832264
0.9318506822240623,0.0,56.44225544793166,0.0,3.2287393394216863,33.48294878670139,432.78110994072455,8.297278389495597,37.61674446444629,3282.1090202950113,32.393647370920185,1845.9415127444515,97.31380120625273,197.20399470710177
0.8416919068124524,0.0,56.44225544793166,0.0,3.2287393394216863,29.556003796689694,444.79045214874054,8.161896344079846,37.61674446444629,3282.1090202950113,32.393647370920185,1691.452845368843,91.65441702262669,179.77666494228816
0.6337102146444428,0.0,56.44225544793166,6.917893216597254,3.2287393394216863,27.412044972059352,391.4155978908917,8.25727914880458,37.61674446444629,3282.1090202950113,32.393647370920185,1699.771465919837,83.64845890920448,140.33586600086778
1.2089308518787336,0.0,56.44225544793166,0.0,3.2287393394216863,31.224135025037285,438.1185953665095,8.323944549956273,37.61674446444629,3282.1090202950113,32.393647370920185,1297.0611031743804,108.97765397494544,177.9422091775709
0.7953018755659124,0.0,56.44225544793166,6.917893216597254,3.2287393394216863,33.521233765712644,426.998834062791,8.971111751905807,37.61674446444629,3282.1090202950113,32.393647370920185,1589.5497436191624,104.35352299564123,155.9287400009642
1.988471254478379,0.0,56.44225544793166,6.917893216597254,3.2287393394216863,33.647027268178206,367.3969134748597,8.951112131560299,37.61674446444629,3282.1090202950113,32.393647370920185,435.7867825553626,103.66335419276,143.08754964794363
1.3762769692043755,0.0,56.44225544793166,0.0,3.2287393394216863,28.834058478191725,418.1030250198162,8.904446350754112,37.61674446444629,3282.1090202950113,32.393647370920185,438.8567496634676,111.39324478502972,120.1568525889783
0.6882734865119631,0.0,56.44225544793166,0.0,2.242694948737222,37.973229896450135,433.2259003928733,9.62699673708287,37.61674446444629,3282.1090202950113,32.393647370920185,1799.5453969332511,31.67874805224823,378.8151154141071
0.7553581855111431,0.0,56.44225544793166,0.0,2.242694948737222,33.176668954611344,444.79045214874054,9.011623803374913,37.61674446444629,3282.1090202950113,32.393647370920185,1752.3075159472476,44.37785402526277,222.88637541314296
0.801585089450038,0.0,56.44225544793166,0.0,3.2287393394216863,35.60503048046816,444.79045214874054,9.055725530290651,37.61674446444629,3282.1090202950113,32.393647370920185,1803.9027696028193,51.003474532922525,213.71409658955682
0.7163313834269313,0.0,56.44225544793166,6.917893216597254,2.242694948737222,34.183016974335786,411.87595868973375,9.22238903316989,37.61674446444629,3282.1090202950113,32.393647370920185,1678.182664966066,37.959284158467376,247.65152823682547
0.8231516445366436,0.0,56.44225544793166,0.0,2.242694948737222,40.959458259328116,403.8697305510564,10.106987625375075,37.61674446444629,3282.1090202950113,32.393647370920185,1854.0125553028565,11.939920289845194,458.6139411793065
1.0315102170361092,0.0,56.44225544793166,6.917893216597254,2.242694948737222,42.671343749402844,436.7842240100632,10.46492954848187,37.61674446444629,3282.1090202950113,32.393647370920185,1929.1772338529122,13.251241015319522,458.6139411793065
0.854460837445367,0.0,56.44225544793166,6.917893216597254,2.242694948737222,45.80524274560996,417.6582345676675,11.086969022304993,37.61674446444629,3282.1090202950113,32.393647370920185,1923.4334244248448,22.913604255656672,458.6139411793065
1.2613453433489967,0.0,56.44225544793166,0.0,2.242694948737222,32.017181018841875,408.31763507254385,12.420277045338896,37.61674446444629,3282.1090202950113,32.393647370920185,1956.4108130377153,80.3356486553746,208.21072929540514
1.6447732674291669,0.0,56.44225544793166,0.0,2.242694948737222,33.36809384966762,413.65512049832876,11.709521306906208,37.61674446444629,3282.1090202950113,32.393647370920185,1189.1666140040436,67.70555956264818,229.30697058965325
1.1307478708801084,0.0,56.44225544793166,0.0,2.242694948737222,43.36594265432136,427.88841496708847,10.491595708942548,37.61674446444629,3282.1090202950113,32.393647370920185,1828.6110532632133,25.536245706605328,458.6139411793065
1.01267182554288,0.0,56.44225544793166,0.0,2.242694948737222,32.14297452130743,352.27403810180255,12.440276665684404,37.61674446444629,3282.1090202950113,32.393647370920185,1127.0245378641755,83.78649266978073,218.3002360013499
1.2939933051963255,0.0,56.44225544793166,0.0,2.242694948737222,34.56039748173246,427.4436245149397,10.769026339889216,37.61674446444629,3282.1090202950113,32.393647370920185,1471.0589163660115,76.60873711981597,218.3002360013499
1.3778801168829573,0.0,56.44225544793166,0.0,2.242694948737222,35.014347947151634,423.44051044560103,11.602343854285406,37.61674446444629,3282.1090202950113,32.393647370920185,1634.2128134822392,78.12710848615468,204.5418177659707
0.6791833579204256,0.0,56.44225544793166,0.0,2.242694948737222,32.132035955875644,420.77176773270855,12.440276665684404,37.61674446444629,3282.1090202950113,32.393647370920185,1447.2914290774563,99.59135825576077,159.59765153039865
1.3015871626211863,0.0,56.44225544793166,0.0,2.242694948737222,32.15938236945511,432.78110994072455,12.249511056234939,37.61674446444629,3282.1090202950113,32.393647370920185,1723.7865312009812,83.02730698661136,175.19052553049508
0.07826735719223472,0.0,11.674725973652873,0.0,1.8905362377784845,30.47484329295984,393.6395501516354,13.31308060999352,37.61674446444629,2410.680570737775,36.58058138484865,1965.2741051724051,101.38579714325196,211.8796408248396
0.05162698032990729,0.0,11.674725973652873,0.0,1.8905362377784845,35.09091790517415,374.0687702570908,13.570511620594683,37.61674446444629,2410.680570737775,36.58058138484865,1958.3419213799102,62.39125978046274,216.46578023663267
0.04751504716133438,0.0,11.674725973652873,0.0,1.8905362377784845,32.04452743242135,305.57104062618475,13.855634413212703,37.61674446444629,2410.680570737775,36.58058138484865,1947.1018805163644,66.5322725977501,207.29350141304653
0.037485530280943806,0.0,11.674725973652873,0.0,1.8905362377784845,35.80192465824033,147.22563966123315,16.0627720021119,37.61674446444629,2410.680570737775,36.58058138484865,1935.8618396528184,36.7859971935693,269.6649974134322
0.03949930876842548,0.0,11.674725973652873,0.0,1.8905362377784845,32.92508194968023,209.94109341420557,18.229910350320083,37.61674446444629,2410.680570737775,36.58058138484865,1947.1018805163644,69.77606597129184,212.7968687071982
0.030516056688793536,0.0,11.674725973652873,0.0,1.8905362377784845,34.538520350868886,326.4761918771756,17.012497563134513,37.61674446444629,2410.680570737775,36.58058138484865,1958.8370773650886,43.411617701229055,225.6380590602188
0.03736177853031644,0.0,11.674725973652873,0.0,1.8905362377784845,37.51927943103097,330.92409639866304,14.949972613656682,37.61674446444629,2410.680570737775,36.58058138484865,1937.3968232068707,47.759681159380776,274.2511368252253
0.0325129599375533,0.0,7.091315035848411,0.0,1.80898369418804,38.175593356938215,259.7576240548645,14.507416912165045,22.570046678667776,1571.828885649968,39.22496076206662,1965.2741051724051,34.784507665213745,341.2087722374041
0.037058024233321996,0.0,7.091315035848411,0.0,1.80898369418804,42.468980288914786,370.5104466399009,14.056143427445878,22.570046678667776,1571.828885649968,39.22496076206662,1958.6390149710173,52.176761497820614,365.0566971787279
0.03874554810551334,0.0,7.091315035848411,0.0,1.80898369418804,33.603273006451055,276.6596612365166,13.32231120399914,22.570046678667776,1571.828885649968,39.22496076206662,1965.2741051724051,65.22095187227576,332.0364934138179
0.05120509936185946,0.0,7.091315035848411,0.0,1.80898369418804,39.13271783221961,410.09679688113886,13.848967873097532,22.570046678667776,1571.828885649968,39.22496076206662,1951.5087687844507,33.26613629887505,347.6293674139143
0.05629579637630336,0.0,7.091315035848411,0.0,1.80898369418804,35.89490246441053,425.2196722541959,14.599722852221237,22.570046678667776,1571.828885649968,39.22496076206662,1965.2741051724051,39.20158800365358,298.0990617665492
0.04673316110055239,0.0,7.091315035848411,0.0,1.80898369418804,30.649860339868443,399.42182602956905,15.322273238549993,22.570046678667776,1571.828885649968,39.22496076206662,1936.0599020468896,96.48559864279527,242.1481609426738
0.0340148561838036,0.0,7.091315035848411,0.0,1.80898369418804,33.6524965508941,306.01583107833346,16.818655089016506,22.570046678667776,1571.828885649968,39.22496076206662,1916.7983342234565,90.75719757888109,271.49945317814945
0.03151169577338643,0.0,7.091315035848411,0.0,1.80898369418804,42.82995294816377,238.407682351725,16.405842412654085,22.570046678667776,1571.828885649968,39.22496076206662,1944.1309446052949,30.712511728214515,458.6139411793065
0.04429750164502287,230.39890601804592,9.916310456633552,0.0,1.6199300704101915,37.092675379191256,182.8088758331324,19.428349138716328,37.61674446444629,3241.388064708224,33.495472111427674,1950.270878821505,46.10327603246583,293.51292235475614
0.07075787596098322,230.39890601804592,9.916310456633552,0.0,1.6199300704101915,35.85661748539927,129.4340215752835,23.418529803034325,37.61674446444629,3241.388064708224,33.495472111427674,1895.6551736563458,31.47169741138386,273.33390894286663
0.0470819160341386,230.39890601804592,9.916310456633552,0.0,1.6199300704101915,39.29679631369642,173.02348588586005,23.418529803034325,37.61674446444629,3241.388064708224,33.495472111427674,1965.2741051724051,37.20009847529803,320.1125309431559
0.051008221576770464,230.39890601804592,9.916310456633552,0.0,1.6199300704101915,38.01698415817729,95.62994721197923,33.2291127986734,37.61674446444629,3241.388064708224,33.495472111427674,1870.105124821149,35.19860894694248,339.3743164726868
0.038874924935714684,230.39890601804592,9.916310456633552,0.0,1.6199300704101915,36.85749622240782,136.9954592618121,33.2291127986734,37.61674446444629,3241.388064708224,33.495472111427674,1929.6723898380903,32.368916855129456,279.754504119377
0.04873568942888612,230.39890601804592,9.916310456633552,0.0,1.6199300704101915,39.25851133468517,116.97988891511878,33.2291127986734,37.61674446444629,3241.388064708224,33.495472111427674,1933.5346065224808,19.80784464269116,333.8709491785351
0.012302049028274926,307.19854135739456,8.446159778469855,0.0,1.486480453625828,37.19112246807734,44.03425476272532,31.89477915408332,7.523348892889259,2158.210646099697,34.376931903833665,1947.7950988956138,34.71549078492562,285.2578714135286
0.008094489506944497,307.19854135739456,8.446159778469855,0.0,1.486480453625828,36.119143055762166,83.62060500396323,31.89477915408332,7.523348892889259,2158.210646099697,34.376931903833665,1865.2525961664026,30.229393566197658,266.9133137663564
0.0077682348916541695,409.59805514319277,1.3260182587358817,0.0,1.5643260634167067,43.070601387663096,142.33294468759698,28.96560398963345,30.093395571557036,2076.7687349261237,31.732552526615695,1952.0534403681468,20.498013445572386,458.6139411793065
0.02256219417119832,409.59805514319277,4.381625550605523,0.0,1.4976012550245252,39.854663150717585,151.67354418272055,37.481339770595376,15.046697785778518,2679.438877610567,27.765983460788732,1965.2741051724051,28.158887157553984,305.43688482541813
0.026246621292149427,409.59805514319277,4.381625550605523,0.0,1.4976012550245252,38.870192261856715,162.79330548643907,37.481339770595376,15.046697785778518,2679.438877610567,27.765983460788732,1754.3871710849962,59.423533928073475,277.92004835465974
0.021195299834723326,409.59805514319277,4.381625550605523,0.0,1.4976012550245252,39.78356247541096,170.35474317296763,37.481339770595376,15.046697785778518,2679.438877610567,27.765983460788732,1942.0017738690285,45.6891747507371,317.3608472960801
0.017719000658009153,486.3976904825414,4.237493131177709,0.0,1.4938943212249596,38.14824694335874,68.05293917875731,39.247460090337206,22.570046678667776,3273.9648291776534,37.46204117725463,1965.2741051724051,31.47169741138386,320.1125309431559
0.01000139148252072,486.3976904825414,4.237493131177709,0.0,1.4938943212249596,39.023332177901736,61.82587284867494,39.247460090337206,22.570046678667776,3273.9648291776534,37.46204117725463,1902.8844510399483,30.712511728214515,301.76797329598367
0.019378399132330644,422.39799436641755,5.851776228769216,0.0,1.5383775268197473,33.70172009533714,170.7995336251164,32.15323578624066,15.046697785778518,2834.178508840357,32.393647370920185,1949.7757228363266,51.27954205407502,221.05191964842575
0.012245798232535212,422.39799436641755,5.851776228769216,0.0,1.5383775268197473,41.62124146795126,69.83210098735226,32.15323578624066,15.046697785778518,2834.178508840357,32.393647370920185,1957.7477341976964,21.4642497696061,387.98739423769325
0.019744029304638765,486.3976904825414,7.72549768133079,0.0,1.5424551539992695,42.95027716791343,147.67043011338188,26.245655622644293,30.093395571557036,1824.298810288046,32.393647370920185,1944.8736785830622,26.295431389774677,444.85552294392727
0.011300784864108057,486.3976904825414,7.72549768133079,0.0,1.5424551539992695,43.940217339490204,141.88815423544824,26.245655622644293,30.093395571557036,1824.298810288046,32.393647370920185,1933.8317001135877,19.876861522979283,458.6139411793065
0.07673733554811456,0.0,30.527246434810845,0.0,1.8126906279876056,32.21954447932994,99.18827082916914,20.232436438761386,30.093395571557036,2255.9409395079856,40.987880346878605,1965.2741051724051,75.02134887318915,207.29350141304653
0.12920245273454356,0.0,30.527246434810845,0.0,1.8126906279876056,34.59868246074371,233.51498737808882,22.33239657503978,30.093395571557036,2255.9409395079856,40.987880346878605,1955.2224386732873,75.7115176760704,223.80360329550155
0.14174638018449923,0.0,30.527246434810845,0.0,1.8126906279876056,31.62886194601342,323.3626587121344,22.33239657503978,30.093395571557036,2255.9409395079856,40.987880346878605,1928.2859530795915,124.64448580034924,206.3762735306879
0.07642795617154613,0.0,30.527246434810845,6.917893216597254,1.8126906279876056,33.16573038917956,262.8711572199057,21.7390745047897,30.093395571557036,2255.9409395079856,40.987880346878605,1888.1288026816367,101.1787465023876,223.80360329550155
0.24509034211749736,0.0,30.527246434810845,6.917893216597254,1.8126906279876056,29.227846833736074,444.79045214874054,19.871417650986054,30.093395571557036,2255.9409395079856,40.987880346878605,1965.2741051724051,159.35997658527486,183.44557647172257
0.09813513824750084,0.0,30.527246434810845,6.917893216597254,1.8126906279876056,32.596924986726606,409.65200642899003,19.882186677325944,30.093395571557036,2255.9409395079856,40.987880346878605,1947.2009117133998,119.19215225758757,199.038450471819
0.21137924023068821,0.0,30.527246434810845,6.917893216597254,1.8126906279876056,29.556003796689694,394.0843406037841,18.79451501699713,30.093395571557036,2255.9409395079856,40.987880346878605,1957.054515818447,165.5024789309178,177.0249812952123
0.12217110326707958,0.0,30.527246434810845,6.917893216597254,1.8126906279876056,31.76012473119487,239.29726325602243,18.730926480513975,30.093395571557036,2255.9409395079856,40.987880346878605,1935.7628084557828,110.63405910186037,205.45904564832932
0.07904361817344273,0.0,30.527246434810845,0.0,1.8126906279876056,34.86667731382251,143.6673160440432,20.232436438761386,30.093395571557036,2255.9409395079856,40.987880346878605,1910.3613064161393,64.73783371025891,257.7410349427702
0.16287417906433488,0.0,30.527246434810845,0.0,1.8126906279876056,29.599758058416846,43.589464310576574,18.39708666397741,30.093395571557036,2255.9409395079856,40.987880346878605,1727.7477790824073,203.944881251402,217.38300811899126
0.11138782572377688,0.0,30.527246434810845,0.0,1.8126906279876056,33.81110574965502,188.59115171106598,20.232436438761386,30.093395571557036,2255.9409395079856,40.987880346878605,1949.0825044570772,65.35898563285203,229.30697058965325
0.025650362857308484,0.0,40.039986117046524,6.917893216597254,2.038813589761111,32.20313663118226,249.08265320329474,15.959184224937728,37.61674446444629,2247.796748390628,36.13985148864565,1944.9727097800978,93.24180526925349,213.71409658955682
0.039448683052259736,0.0,40.039986117046524,0.0,2.038813589761111,36.32697579896613,378.51667477857825,17.543769529235714,37.61674446444629,2247.796748390628,36.13985148864565,1944.8736785830622,66.87735699919071,263.2444022369219
0.06226400580428676,0.0,40.039986117046524,6.917893216597254,2.038813589761111,32.54770144228356,417.21344411551866,14.816641811353291,37.61674446444629,2247.796748390628,36.13985148864565,1965.2741051724051,123.67824947631554,197.20399470710177
0.0642665341326205,0.0,40.039986117046524,6.917893216597254,2.038813589761111,34.85573874839072,410.98637778543633,17.247364899499715,37.61674446444629,2247.796748390628,36.13985148864565,1949.6271760407735,72.46772430252864,210.962412942481
0.20142847446433323,0.0,17.87242000904884,6.917893216597254,1.8794154363797877,38.01698415817729,393.6395501516354,14.67510603660046,60.18679114311407,2500.2666730287056,38.343500969660624,1939.525993943137,67.01539075976696,244.89984458974965
0.22934011931037812,0.0,17.87242000904884,6.917893216597254,1.8794154363797877,33.71265866076892,406.09368281180014,15.630472516182063,60.18679114311407,2500.2666730287056,38.343500969660624,1957.054515818447,148.1102250983109,199.038450471819
0.3507574619145456,0.0,17.87242000904884,6.917893216597254,1.8794154363797877,37.62319580263294,345.6021813195714,16.77968146988167,60.18679114311407,2500.2666730287056,38.343500969660624,1933.0394505373024,68.53376212610564,252.23766764861858
0.34577364141200717,0.0,17.87242000904884,0.0,1.8794154363797877,36.19571301378468,359.3906853361824,16.77968146988167,60.18679114311407,2500.2666730287056,38.343500969660624,1965.2741051724051,52.452829018973105,276.0855925899425
0.17737563420603256,0.0,17.87242000904884,0.0,1.8682946349810905,45.20909092957754,348.2709240324639,14.84279516103588,60.18679114311407,2500.2666730287056,38.343500969660624,1906.598120928785,28.572988439282714,410.91809129665864
0.2964023179912623,0.0,17.87242000904884,0.0,1.8682946349810905,47.71949169617276,369.1760752834547,14.84279516103588,60.18679114311407,2500.2666730287056,38.343500969660624,1891.4958633808487,31.95481557340072,458.6139411793065
0.21495679083973387,0.0,17.87242000904884,0.0,1.8682946349810905,43.97303303578555,384.7437411086606,16.49045619103893,60.18679114311407,2500.2666730287056,38.343500969660624,1918.1352553834379,21.60228353018234,344.87768376683846
0.23196703147142267,0.0,17.87242000904884,0.0,1.8682946349810905,39.176472093946764,355.38757126684374,16.49045619103893,60.18679114311407,2500.2666730287056,38.343500969660624,1842.3763896511682,43.89473586324591,289.8440108253217
0.16773424781624602,0.0,17.87242000904884,0.0,1.8682946349810905,42.036906954359175,75.6143768652859,17.30787657131433,60.18679114311407,2500.2666730287056,38.343500969660624,1869.263359646346,27.054617072944023,428.3454210614723
0.24850476541889788,0.0,17.87242000904884,0.0,1.8682946349810905,35.83474035453569,95.18515675983048,17.30787657131433,60.18679114311407,2500.2666730287056,38.343500969660624,1883.27627402689,25.950346988334058,288.9267829429631
0.3020667731222513,0.0,17.87242000904884,0.0,1.8682946349810905,32.711779923760375,302.90229791329233,18.82784771757298,60.18679114311407,2500.2666730287056,38.343500969660624,1873.4226699218434,80.40466553566273,222.88637541314296
0.26041868395656875,0.0,17.87242000904884,0.0,1.8682946349810905,40.538323490204306,342.04385770238156,18.82784771757298,60.18679114311407,2500.2666730287056,38.343500969660624,1862.4797226494045,36.23386215126432,290.76123870768026
0.32360520281098676,0.0,17.87242000904884,0.0,1.8794154363797877,45.597410002405994,326.03140142502684,19.683728906205125,60.18679114311407,2500.2666730287056,38.343500969660624,1910.856462401318,17.04716943116626,382.4840269435416
0.186454512638422,0.0,17.87242000904884,0.0,1.8794154363797877,45.10517455797556,313.1324783127134,18.727336805067345,60.18679114311407,2500.2666730287056,38.343500969660624,1876.3936058329127,27.261667713808393,443.02106717921004
0.25195293919774214,0.0,17.87242000904884,6.917893216597254,1.8794154363797877,36.78639554710121,295.7856506789125,18.727336805067345,60.18679114311407,2500.2666730287056,38.343500969660624,1783.551858611994,55.55858863193862,265.99608588399775
0.18588075452187697,0.0,17.87242000904884,0.0,1.8794154363797877,33.28605460892922,273.54612807147544,18.727336805067345,60.18679114311407,2500.2666730287056,38.343500969660624,1865.5001741589917,75.0903657534773,220.13469176606714
0.29283039246179066,0.0,17.87242000904884,6.917893216597254,1.8794154363797877,36.2668136890913,340.26469589378655,21.27139107517165,60.18679114311407,2500.2666730287056,38.343500969660624,1923.4334244248448,65.84210379486888,230.2241984720119
0.2879084478345658,0.0,17.87242000904884,0.0,1.8794154363797877,40.242982223546036,318.4699637384982,21.27139107517165,60.18679114311407,2500.2666730287056,38.343500969660624,1931.4549513847323,32.64498437628195,288.9267829429631
0.04637315600781823,153.59927067869728,14.211456555582384,0.0,1.5865676662141006,35.44642128170724,82.28623364751701,31.742474352990598,45.14009335733555,2443.2573352072045,36.58058138484865,1878.6713233647329,43.89473586324591,217.38300811899126
0.05204323621838117,153.59927067869728,14.211456555582384,0.0,1.5865676662141006,36.13008162119395,187.70157080676853,31.742474352990598,45.14009335733555,2443.2573352072045,36.58058138484865,1900.3096399170213,50.86544077234628,213.71409658955682
0.06372652649351926,153.59927067869728,14.211456555582384,0.0,1.5865676662141006,37.72164289151903,241.52121551676612,32.49220371055812,45.14009335733555,2443.2573352072045,36.58058138484865,1937.2977920098353,78.54120976788342,201.79013411889485
0.05969334443898194,153.59927067869728,14.211456555582384,0.0,1.5865676662141006,33.33527815337226,289.5585843488301,32.49220371055812,45.14009335733555,2443.2573352072045,36.58058138484865,1953.9845487103416,85.58093155727191,184.36280435408122
0.05788206881616323,153.59927067869728,14.211456555582384,0.0,1.5865676662141006,34.77369950765231,235.29414918668377,36.07880229251932,45.14009335733555,2443.2573352072045,36.58058138484865,1845.6939347518621,77.43693968327347,203.6245898836121
0.07175914012515007,153.59927067869728,14.211456555582384,0.0,1.5865676662141006,34.96512440270859,34.69365526760177,36.07880229251932,45.14009335733555,2443.2573352072045,36.58058138484865,1855.3989920613553,35.819760869535585,217.38300811899126
0.11592163986039765,112.63946516437801,16.89231955693971,0.0,1.5976884676127978,30.58969822999361,340.26469589378655,40.79358458627844,52.663442250224804,2687.583068727925,42.08970508738609,1844.406529190399,86.27110036015313,161.4321072951159
0.10762464748879019,112.63946516437801,16.89231955693971,0.0,1.5976884676127978,30.65532962258434,312.2428974084159,40.79358458627844,52.663442250224804,2687.583068727925,42.08970508738609,1926.8004851240566,127.40516101187416,169.6871582363434
0.1911570791622619,112.63946516437801,16.89231955693971,0.0,1.5976884676127978,33.406378828678875,155.23186779991045,41.30947222903694,52.663442250224804,2687.583068727925,42.08970508738609,1931.9996229684284,63.21946234392022,222.88637541314296
0.11057218918555108,112.63946516437801,16.89231955693971,0.0,1.5976884676127978,34.051754189154344,352.27403810180255,41.30947222903694,52.663442250224804,2687.583068727925,42.08970508738609,1862.4797226494045,70.05213349244434,188.0317158835157
0.09247068311651188,112.63946516437801,16.89231955693971,0.0,1.5976884676127978,35.18389571134434,218.3921120050316,40.13513554721093,52.663442250224804,2687.583068727925,42.08970508738609,1855.3989920613553,65.70407003429263,224.72083117786016
0.10728714271435193,112.63946516437801,16.89231955693971,0.0,1.5976884676127978,36.74264128537405,77.83832912602959,40.13513554721093,52.663442250224804,2687.583068727925,42.08970508738609,1949.6271760407735,45.27507346900836,240.3137051779566
0.07891986642281537,112.63946516437801,16.89231955693971,0.0,1.5976884676127978,35.479236978002604,57.822758779336276,37.93107482298027,52.663442250224804,2687.583068727925,42.08970508738609,1962.2041380643004,40.71995936999228,223.80360329550155
0.12042732859914855,112.63946516437801,16.89231955693971,0.0,1.5976884676127978,35.21124212492381,39.58635024123791,37.93107482298027,52.663442250224804,2687.583068727925,42.08970508738609,1867.0846733115618,24.77706002343598,227.472514824936
0.046243779177616906,112.63946516437801,16.89231955693971,0.0,1.5976884676127978,38.04979985447265,30.245750746114357,45.67451757213871,52.663442250224804,2687.583068727925,42.08970508738609,1911.7477431746383,24.362958741707242,271.49945317814945
0.20753168580209191,112.63946516437801,16.89231955693971,0.0,1.5976884676127978,45.17080595056629,37.36239798049421,45.67451757213871,52.663442250224804,2687.583068727925,42.08970508738609,1965.2741051724051,24.431975621995367,392.57353364948636
0.027107258466967012,409.59805514319277,10.492840134344805,0.0,1.453118049429737,33.406378828678875,142.33294468759698,47.28269217222882,7.523348892889259,2565.420201967565,36.13985148864565,1945.4183501667583,45.344090349296486,200.8729062365362
0.01995778232844967,409.59805514319277,10.492840134344805,0.0,1.453118049429737,32.13750523859154,84.95497636040946,47.28269217222882,7.523348892889259,2565.420201967565,36.13985148864565,1956.75742222734,63.84061426651332,191.7006274129501
0.008651372384767642,460.79781203609184,10.809931457085993,0.0,1.4605319170288686,40.76803336427184,152.11833463486929,32.49220371055812,22.570046678667776,1987.1826326351927,35.038026748138165,1912.985633137584,21.4642497696061,403.5802682377897
0.34399611626663223,102.39951378579819,11.444114102568372,0.0,2.3983861683189795,47.604636759139,386.5229029172556,9.235722113400227,37.61674446444629,2150.0664549823396,28.647443253194723,1929.6228742395726,35.33664270751872,458.6139411793065
0.37322965481256043,102.39951378579819,11.444114102568372,0.0,2.3983861683189795,40.106250155648695,444.79045214874054,9.715713001692434,37.61674446444629,2150.0664549823396,28.647443253194723,1897.883375589648,53.76414974444743,330.20203764910065
0.36937085022481614,102.39951378579819,11.444114102568372,0.0,2.3983861683189795,37.42083234214488,444.79045214874054,10.311086315054878,37.61674446444629,2150.0664549823396,28.647443253194723,1940.6648527090474,47.621647398804534,276.0855925899425
0.30381617286975626,102.39951378579819,11.444114102568372,0.0,2.3983861683189795,39.395243402582516,363.8385898576698,10.831076444038102,37.61674446444629,2150.0664549823396,28.647443253194723,1944.9727097800978,66.18718819630948,310.02302423721113
0.30044675020494754,102.39951378579819,11.444114102568372,0.0,2.3983861683189795,41.129006023520816,397.6426642209741,10.973125029569022,37.61674446444629,2150.0664549823396,28.647443253194723,1923.0372996367023,50.10625508917694,395.3252172965622
0.2925828889605359,102.39951378579819,11.444114102568372,0.0,2.3983861683189795,45.93103624807551,406.9832637160976,11.735674656588795,37.61674446444629,2150.0664549823396,28.647443253194723,1915.560444260511,40.788976250280406,447.6072065910031
0.46421531692154383,102.39951378579819,11.444114102568372,0.0,2.3983861683189795,40.07343445935334,420.32697728055984,10.660310454934145,37.61674446444629,2150.0664549823396,28.647443253194723,1948.0426768882032,77.64399032413782,284.34064353117003
0.3094187521254315,102.39951378579819,11.444114102568372,0.0,2.3983861683189795,39.411651250730195,407.4280541682464,9.89776082791437,37.61674446444629,2150.0664549823396,28.647443253194723,1920.6605509078465,55.90367303337922,334.78817706089376
0.4284173105127914,102.39951378579819,11.444114102568372,0.0,2.3983861683189795,30.409211900369115,279.32840394940905,10.186986106757107,37.61674446444629,2150.0664549823396,28.647443253194723,1942.9920858393848,72.12263990108801,209.12795717776376
0.4419625021269139,102.39951378579819,11.444114102568372,0.0,2.3983861683189795,38.361548969278594,376.2927225178345,10.937741085880813,37.61674446444629,2150.0664549823396,28.647443253194723,1901.7455922740382,102.07596594613318,281.58895988409415
0.325320852081048,102.39951378579819,11.444114102568372,0.0,2.131486934750252,45.378638693770256,298.0096029396562,12.418225802226537,37.61674446444629,2150.0664549823396,28.647443253194723,1904.0728254043759,51.348558934363155,458.6139411793065
0.30403555097314117,102.39951378579819,11.444114102568372,0.0,2.131486934750252,40.85554188772613,233.95977783023756,14.727925546743727,37.61674446444629,2150.0664549823396,28.647443253194723,1932.5938101506422,21.809334171046714,398.99412882599665
0.05099134633804855,102.39951378579819,20.063232784351605,6.917893216597254,1.7200172829984646,32.378153678090854,273.54612807147544,20.089362231674286,22.570046678667776,1816.1546191706884,40.987880346878605,1937.7434323964958,94.20804159328723,189.86617164823286
0.16827988053492118,102.39951378579819,20.063232784351605,0.0,1.7200172829984646,32.02811958427366,187.2567803546198,22.712389361604444,22.570046678667776,1816.1546191706884,40.987880346878605,1924.4237363952013,89.72194437455926,193.53508317766736
0.09118816497364646,102.39951378579819,20.063232784351605,0.0,1.7200172829984646,34.128324147176855,72.50084370024472,22.712389361604444,22.570046678667776,1816.1546191706884,40.987880346878605,1965.2741051724051,45.48212410987273,231.14142635437045
0.06446341191770948,102.39951378579819,20.063232784351605,0.0,1.7200172829984646,35.75817039651319,261.09199541131073,20.089362231674286,22.570046678667776,1816.1546191706884,40.987880346878605,1955.6680790599478,53.3500484627187,223.80360329550155
0.12480926558727207,102.39951378579819,20.063232784351605,6.917893216597254,1.7200172829984646,42.06425336793865,230.4014542130476,22.391882625298223,22.570046678667776,1816.1546191706884,40.987880346878605,1934.9210432809798,45.41310722958461,322.8642145902318
0.031747949115493224,204.79902757159638,18.477776170645658,6.917893216597254,1.6569994084058481,36.9614125940098,146.33605875693564,20.91037228739632,30.093395571557036,2068.6245438087662,38.78423086586363,1965.2741051724051,24.362958741707242,297.1818338841906
0.05402326422841901,204.79902757159638,18.477776170645658,0.0,1.6569994084058481,37.4864637347356,190.37031351966095,21.883174333432972,30.093395571557036,2068.6245438087662,38.78423086586363,1965.2741051724051,20.567030325860504,293.51292235475614
0.05888895805990406,204.79902757159638,18.477776170645658,6.917893216597254,1.6569994084058481,39.74527749639971,217.94732155288287,24.549277568722694,30.093395571557036,2068.6245438087662,38.78423086586363,1927.3946723062706,41.755212574314115,304.51965694305954
0.03446486254972129,204.79902757159638,18.477776170645658,6.917893216597254,1.6569994084058481,37.33332381869057,122.7621647930524,24.9369625169587,30.093395571557036,2068.6245438087662,38.78423086586363,1948.1912236837566,28.711022199858963,303.6024290607009
0.044876884841141905,204.79902757159638,18.477776170645658,0.0,1.6569994084058481,35.45189056442314,142.77773513974574,21.231904645258727,30.093395571557036,2068.6245438087662,38.78423086586363,1965.2741051724051,49.62313692716008,266.9133137663564
0.11834042407720526,102.39951378579819,9.599219133892362,0.0,1.641800979827629,37.25675386066806,143.22252559189448,21.028831577135097,37.61674446444629,1759.1452813491874,32.83437726712319,1965.2741051724051,33.47318693973941,321.9469867078732
0.020126534715668807,102.39951378579819,9.599219133892362,0.0,1.641800979827629,42.76979083828894,286.88984163593767,24.074927598989476,37.61674446444629,1759.1452813491874,32.83437726712319,1917.7886461938128,25.950346988334058,416.4214585908103
0.020840919821563143,102.39951378579819,9.599219133892362,0.0,1.641800979827629,38.109961964347484,165.46204819933152,26.895386878484274,37.61674446444629,1759.1452813491874,32.83437726712319,1942.150320664582,31.67874805224823,324.698670354949
0.03447611270886923,102.39951378579819,9.599219133892362,6.917893216597254,1.641800979827629,41.81266636300754,221.0608547179241,26.727184943270764,37.61674446444629,1759.1452813491874,32.83437726712319,1867.0846733115618,20.774080966724874,421.924825884962
0.00844324444053071,460.79781203609184,3.4880045501530805,6.917893216597254,1.486480453625828,43.333126958025986,110.30803213288766,30.178914290594303,7.523348892889259,1612.549841236755,29.96963294180371,1958.4409525769458,21.809334171046714,458.6139411793065
0.00509632209401787,460.79781203609184,8.561465714012108,0.0,1.4827735198262624,38.76627589025473,92.51641404693805,37.47262198736784,7.523348892889259,2321.094468446844,33.71583705952918,1954.4797046955202,54.17825102617616,295.34737811947343
0.006165087213072389,281.598662910945,6.485958874251596,0.0,1.4419972480310403,35.29328136566222,141.88815423544824,37.47262198736784,7.523348892889259,2443.2573352072045,33.71583705952918,1954.4797046955202,56.80089247712482,201.79013411889485
0.011053281362853329,409.59805514319277,5.073461163859027,0.0,1.4271695128327775,34.07363132001792,140.1089924268533,46.610397242152885,7.523348892889259,1962.750059283121,40.10642055447261,1691.452845368843,89.23882621254239,184.36280435408122
0.02177468303084236,268.7987236877202,15.33568942711933,0.0,1.5013081888240907,33.95877638298415,139.21941152255582,37.52339025439875,45.14009335733555,2386.247997385703,36.58058138484865,1965.2741051724051,49.27805252571947,212.7968687071982
0.02581911524452762,268.7987236877202,15.33568942711933,0.0,1.5013081888240907,34.538520350868886,202.8244461798257,37.52339025439875,45.14009335733555,2386.247997385703,36.58058138484865,1965.2741051724051,52.452829018973105,204.5418177659707
0.02417096692935407,268.7987236877202,15.33568942711933,0.0,1.5013081888240907,35.905841029842314,101.8570135420616,37.52339025439875,45.14009335733555,2386.247997385703,36.58058138484865,1840.5938281045267,65.6350531540045,227.472514824936
0.019699028668047,409.59805514319277,14.269109523353512,0.0,1.5235497916214846,37.52474871374686,124.09653614949862,26.23898908252912,30.093395571557036,1995.3268237525501,42.310070035487584,1965.2741051724051,22.982621135944793,261.4099464722047
0.04435937752033656,409.59805514319277,14.269109523353512,0.0,1.5235497916214846,39.09443285320835,123.20695524520113,26.23898908252912,30.093395571557036,1995.3268237525501,42.310070035487584,1965.2741051724051,24.570009382571612,342.12600011976264
0.02033466265990574,409.59805514319277,14.269109523353512,0.0,1.5235497916214846,36.26134440637541,104.08096580280528,26.23898908252912,30.093395571557036,1995.3268237525501,42.310070035487584,1965.2741051724051,32.43793373541758,255.90657917805302
0.04649128267887163,0.0,40.12646556870321,0.0,1.6199300704101915,33.51029520028086,81.84144319536826,28.218438685956375,30.093395571557036,2353.6712329162738,35.258391696239656,1965.2741051724051,59.216483287209115,219.2174638837085
0.046120027426989535,0.0,40.12646556870321,0.0,1.6199300704101915,32.8649198398054,188.14636125891724,28.218438685956375,30.093395571557036,2353.6712329162738,35.258391696239656,1965.2741051724051,71.7775554996474,199.038450471819
0.07274352905059503,0.0,40.12646556870321,0.0,1.6199300704101915,36.523869976738304,138.3298306182583,30.565573617274136,30.093395571557036,2353.6712329162738,35.258391696239656,1965.2741051724051,43.27358394065281,262.32717435456334
0.030217927471373064,0.0,40.12646556870321,0.0,1.6199300704101915,35.81833250638802,226.8431305958577,30.565573617274136,30.093395571557036,2353.6712329162738,35.258391696239656,1945.2202877726872,51.003474532922525,248.56875611918412
0.07933049723171526,0.0,40.12646556870321,0.0,1.6199300704101915,31.667146925024674,257.97846224626954,32.40964117528564,30.093395571557036,2353.6712329162738,35.258391696239656,1965.2741051724051,109.32273837638604,186.19726011879845
0.036371764525297515,358.3982982502937,6.457132390366034,0.0,1.4827735198262624,34.70259883234569,89.40288088189686,40.1418020873261,37.61674446444629,2915.62042001393,32.61401231902169,1823.3623998203238,34.30138950319688,206.3762735306879
0.03128106751085361,358.3982982502937,6.457132390366034,0.0,1.4827735198262624,38.50921960260773,44.479045214874056,40.1418020873261,37.61674446444629,2915.62042001393,32.61401231902169,1839.9006097252768,32.71400125657007,265.99608588399775
0.02484597647823061,358.3982982502937,6.457132390366034,0.0,1.4827735198262624,37.5794415409058,210.83067431850304,40.1418020873261,37.61674446444629,2915.62042001393,32.61401231902169,1935.3666836676402,41.893246334890364,227.472514824936
0.01989590645313599,174.07917343585692,17.555328686307654,0.0,1.605102335211929,36.042573097739655,179.6953426680912,28.16202950036648,52.663442250224804,2679.438877610567,35.47875664434116,1959.5798113428557,65.56603627371638,201.79013411889485
0.05212198733241676,174.07917343585692,17.555328686307654,0.0,1.605102335211929,35.52299123972975,81.84144319536826,28.16202950036648,52.663442250224804,2679.438877610567,35.47875664434116,1899.4678747422186,59.837635209802215,242.1481609426738
0.0562507957397116,174.07917343585692,17.555328686307654,0.0,1.605102335211929,38.18653192237,78.72791003032708,28.16202950036648,52.663442250224804,2679.438877610567,35.47875664434116,1933.2375129313737,33.54220382002754,303.6024290607009
0.031022313850450938,168.959197746567,6.284173487052658,0.0,1.7496727533949896,39.575729732207,182.8088758331324,20.6252494947783,52.663442250224804,1808.010428053331,40.5471504506756,1949.3300824496664,47.82869803966889,331.1192655314593
0.030819810985787982,168.959197746567,6.284173487052658,0.0,1.7496727533949896,36.18477444835289,258.4232526984183,17.281723221631744,52.663442250224804,1808.010428053331,40.5471504506756,1947.7455832970961,61.63207409729339,260.49271858984605
